platform,komentar,timestamp,sentimen
twitter,mana nih yg kemaren koar koar ga terima soal syarat penerima bansos vasektomi. liat noh vasektomi itu memang penting bgt buat orang miskin dan tolol kayak orang ini,2025-05-01T03:18:31.000Z,
twitter,"Ini orang2 yg koar gak setuju persoalan kebijakan vasektomi untuk penerima bansos lucu ya,
bilangnya diskriminatif wkwkwk how about kelompok/kalangan yang udah jelas dari dulu diperlakukan diskriminatif ?? Wkwkwk lucu",2025-05-01T03:13:48.000Z,
twitter,"Setuju. Saya aja yg bukan kategori penerima bansos, sebenernya kepikiran buat vasektomi",2025-05-01T03:11:54.000Z,
twitter,kenapa sih ga mau vasektomi? eh btw emang lo termasuk orang miskin terdaftar penerima bansos yang punya anak lebih dari 5 dan rencana mau nambah anak lagi bukan yaa?,2025-05-01T02:46:39.000Z,
twitter,Fokus untuk meningkatkan kualitas hidup keluarganya. Dengan ini penerima bansos yg salah sasaran akan menolak utk tetap menerima bansos krn disyaratkan hrs vasektomi dan yg benar2 berhak harusnya berpikir panjang bahwa kebijakan tsb sebetulnya utk kebaikan mereka sendiri,2025-05-01T02:45:35.000Z,
twitter,Kalau keluarga miskin belum punya anak atau anaknya cuma 1 tanpa vasektomi pun juga tetap dapet bansos. Poin utamanya tuh diharapkan penerima bansos bisa memenuhi kebutuhan primernya. Karena banyak ditemui penerima bansos masih kekurangan karena terlalu banyak anggota keluarganya,2025-05-01T02:44:04.000Z,
twitter,"Orang orang yg pro ide vasektomi buat penerima bansos sama beasiswa tu sekaya apa sih, songong amat deh heran ",2025-05-01T02:34:43.000Z,
twitter,"Lu ga nangkep point nya ya? Kt gue tingkatin literasi lo dulu wkwkwk jd keliatan bloon nya kl bgni, emg lu ga bsa baca ""vasektomi utk penerima bansos"" lo slh satunya ya? Wkwkwk",2025-05-01T02:29:39.000Z,
twitter,"Isu ini sesederhana gini:

Kalau vasektomi itu diwajibkan bagi penerima bansos, ketika si penerima bansos itu sudah mampu dan tidak lagi layak menerima bansos, apakah pemerintah bisa dan bersedia menanggung rekanalisasinya sampai berhasil tuntas?",2025-05-01T02:28:54.000Z,
twitter,"Kebijakan wajib vasektomi untuk penerima bansos di Indonesia kemungkinan besar tidak sejalan dengan UUD 1945. Pasal 27(1) menjamin persamaan di hadapan hukum, namun kebijakan ini mendiskriminasi berdasarkan status sosial. Pasal 28A melindungi otonomi tubuh, sehingga vasektomi",2025-05-01T02:16:20.000Z,
twitter,"Vasektomi ada syaratnya juga kan, kalo aku setuju pemberian insentif untuk org miskin yg bersedia vasektomi. Tapi bukan jadi syarat penerima bansos.",2025-05-01T02:11:13.000Z,
twitter,Klo lu mampu gak miskin gak nerima bansos gak disuruh vasektomi. Ini khusus utk yg miskin penerima bansos tp anak udah banyak. Ingat makin banyak anak makin banyak yg kelaparan,2025-05-01T02:05:52.000Z,
twitter,Syarat vasektomi -> edukasi vasektomi krg -> rakyatnya milih gak ngambil bansos -> angka penerima bansos turun -> tingkat kemiskinan daerah dianggap menurun -> ditiru secara nasional -> kemiskinan secara nasional menurun -> Indonesia emas 2045,2025-05-01T01:54:15.000Z,
twitter,"Enggak, itu si alun kaya, bisa beliin anaknya rubicon. Tp anaknya jadi beban masyarakat, mukulin org lain. Harusnya yg diharusin vasektomi bukan cuma penerima bansos, krna ngebesarin anak itu bukan cuma harus kuat secara ekonomi aja",2025-05-01T01:53:11.000Z,
twitter,Jadi sampean itu pro atau kontra mas soal vasektomi di taro di program penerima bansos?,2025-05-01T01:53:02.000Z,
twitter,"Mau jadi penerima bansos seumur hidup atau dicarikan lapangan pekerjaan?
Sama mau vasektomi klo negara jamin sejahtera dan penuhi hajat hidup saya dan keluarga seumur hidup.
Jalankan kebijakan penguasa kompensasinya mahal.
Tawar menawar harga pas tancap gas.",2025-05-01T01:47:38.000Z,
twitter,"Pertanyaan gw: Apa dengan Vasektomi ini bisa benerin masalah ekonomi masyarakat penerima bansos tsb? Apa setelah ini bakalan menghilangkan ketergantungan masyarakat kepada bansos? Gimana dampaknya dengan kemauan masyarakat untuk bekerja, produktif membenahi ekonominya?",2025-05-01T01:46:18.000Z,
twitter,"Penerima vasektomi gratis itu dia harus sudah menikah dan punya 2 anak, udah sesuai saran negara. Terus kalau gamau vasektomi ya gausah terima bansos ege ribet amat hidup lu, hidup ngandelin bansos aja sok pengen punya anak? Mikir! kucing liar aja suntik mati kalau kebanyakan",2025-05-01T01:43:46.000Z,
twitter,"kdm jadiin vasektomi sbg syarat penerima bantuan juga buat naikin taraf hidup keluarga lu kocak 

klo lu beranak pinak tp ujung""nya mindset lu jadiin anak investasi naudzubillah mending gausah daripada makin SUMPEK ni org yg nyari lapangan pekerjaan",2025-05-01T01:39:12.000Z,
twitter,"ngl I hate him but I kinda agree with the idea, cuma cara nyampein nya ky tai
Coba diubah jadi ""vasektomi gratis untuk penerima bansos dan beasiswa"" atau gimana gitu yg gak offensive 
tentu dengan syarat dan ketentuan kaya minimal usia, sudah punya anak lebih dari 3 dll",2025-05-01T01:31:58.000Z,
twitter,Ada ga ya yang ga setuju TNR tapi setuju Vasektomi untuk penerima bansos. Kalau ada lucu banget sih,2025-05-01T01:30:14.000Z,
twitter,"Kebijakan Vasektomi Bagi Penerima Bansos Berlebihan
 https://suaranegeri.com/2025/05/persis-kebijakan-vasektomi-bagi.html…
panen raya",2025-04-30T23:59:41.000Z,
twitter,"Kebijakan Vasektomi Bagi Penerima Bansos Bertentangan Dengan Ajaran Islam
 https://suaranegeri.com/2025/05/persis-kebijakan-vasektomi-bagi.html…
23 tahun pks",2025-04-30T23:57:02.000Z,
twitter,"bukan saya yg jd “sasaran”mu buat perkara ini, tp saya kasih km pasal perundang”an yg mengatur soal program KB di berikut ini. jd ngga ada aturan buat penerima Bansos wajib Vasektomi dan wajib punya anak dua yaa, jd silahkan explore sendiri perundang”annya",2025-04-30T23:47:14.000Z,
twitter,"Ga ada anjir. kalo vasektomi sbg syarat penerima bansos berarti efeknya adalah at least kalo sekeluarga ada 4 yg miskin, ga mungkin nambah jadi 5. kalo tes keperawanan buat daftar PNS buat apaan? efek positifnya apa? kan ga ada ngaruh ke kinerja juga",2025-04-30T23:45:20.000Z,
twitter,"penerima bansos untuk rakyat miskin kan ?
nanti semua rakyat di miskinkan dulu baru disuruh vasektomi 
mantap sekali, kita bisa kontrol warga dengan cara ini",2025-04-30T23:19:11.000Z,
twitter,ya tunggu kebijakan pemerintah lah. kalo pemerintah bilang pemberian vasektomi jd syarat wajib utk penerima bansos pasti nanti bisa digratiskan juga itu.,2025-04-30T23:11:35.000Z,
twitter,"anjing anjing, ni orang orang pada bahas vasektomi buat penerima bansos dan pada bilang miskin miskin mulu ajg gedeg bgt asu, 

ortu gw juga kurang mampu gara gara ngurusin ortu ibu gw ajg, sebelumnya mampu mampu aja jadi jangan salahin gara gara pny banyak anak dong asuwww",2025-04-30T22:48:52.000Z,
twitter,"Kebijakan yang konyol.
Vasektomi tapi untuk penerima bantuan... Bantuan kok pakai syarat konyol..
Penguasa yang seenak wudelnya bikin aturan padahal seharusnya penguasa hadir untuk rakyatnya..
Ya Allah.",2025-04-30T22:27:53.000Z,
twitter,"aku personally sangat setuju untuk vasektomi penerima bansos yang saat ini sudah punya anak 2 atau lebih
here is why",2025-04-30T22:01:19.000Z,
twitter,"Stop bawa” agama, orang penerima bansos juga belum tentu taat agama. Orang miskin juga mikir mau beli kondom, gak punya duit ngapain beli kondom mahal”. Justru krn wajib, vasektomi dilakukan agar bansos ga hanya tersalurkan bagi 1 keluarga yang punya sampe 10 kepala",2025-04-30T21:50:08.000Z,
twitter,"im with the state of

semua penerima bansos yang sudah punya anak 2 atau lebih pilih vasektomi atau bansos hilang
2 anak udah lebih dari cukup disebut sebagai rezeki
HAM pala lu, anak ke 3 atau ke 9 yang belum lahir itu lebih berhak atas Hak Asasi utk tdak hidup melarat",2025-04-30T21:30:44.000Z,
twitter,"Ngerti kan kenapa gubernur itu berani kasih aturan ""penerima bansos wajib vasektomi""? ",2025-04-30T17:19:46.000Z,
twitter,"berarti Kang Dedi Mulyadi tepad sasaran dunk syarat vasektomi buad penerima bansos, biar kedepan nya gak ada lagi warga lain ngalamin kayak gini

buzzer hipokrid pemuja anies gak bakalan nyampe akal nya kesini, udh ilang akal sehad nya pada ",2025-04-30T17:08:31.000Z,
twitter,"jd again, kl pernyataanku membenarkan vasektomi utk menekan laju pertumbuhan tapi tdk membenarkan 100% bahwa penerima bansos itu wajib di vasektomi. aku ksh pandangan sesuai keahlianku, it’s two different yaa. jd tenaga promotif dan kuratif itu tantangannya super banyakk kan",2025-04-30T16:56:25.000Z,
twitter,"RK: suntik mati jomblo
KDM: vasektomi jd syarat penerima Bansos

Gubernur Jabar emang loba teuing gimmick ",2025-04-30T16:54:27.000Z,
twitter,Berarti lu ga diajak dan keadaan lu ga sesuai konteks. Org sasaran vasektomi itu penerima bansos alias yg miskin.,2025-04-30T16:47:08.000Z,
twitter,"jadi solusinya gimana? saya tidak membenarkan 100% statement atau aturan mengenai wajib vasektomi utk penerima bansos, tapi saya membenarkan program vasektomi utk menekan laju pertumbuhan. menurut saya ini cukup jelas dan berbeda.",2025-04-30T16:43:16.000Z,
twitter,"jadi solusinya gimana? saya tidak membenarkan 100% statement atau aturan mengenai wajib vasektomi utk penerima bansos, tapi saya membenarkan program vasektomi utk menekan laju pertumbuhan. menurut saya ini cukup jelas dan berbeda.",2025-04-30T16:41:22.000Z,
twitter,Mungkin kang dedi mulyadi terinspirasi dr ini. Makanya penerima bansos dan beasiswa mau di vasektomi ,2025-04-30T15:59:55.000Z,
twitter,"2 anak cukup, apalagi bagi penerima bansos. lagian vasektomi dilakukan pada mereka penerima bansos yang udah punya anak.",2025-04-30T15:55:58.000Z,
twitter,"Bukan “vasektomi sebagai paksaan” ya pukimak. “Aturan penerima bansos harus vasektomi,” itu gak berperikemanusiaan. Sama halnya pemerintah gak bisa menyediakan sistem pendidikan yg memadai, sistem ketenagakerjaan yg adil, lapangan pekerjaan yg luas.",2025-04-30T15:52:08.000Z,
twitter,"Mau dibilang fasis juga aku kayanya ttp setuju aja kalo penerima bantuan miskin disuruh vasektomi. Kalo mau dibantu ya harus mau ""dibenerin"" sesuai syaratnya. Kalo org yg bisa biayain anak sih bebas mau punya anak berapa. Kasarnya: ""Yen miskin yo ojok kakehan polah.""",2025-04-30T15:41:09.000Z,
twitter,"Sebagai pembela KDM garis keras, aku mau lurusin beritanya ya kak, karena ini berita udah disinformasi + menjurus ke fitnah.
Vasektomi hanya utk ortu penerima bansos. Kalau memilih ga terima bansos ya ga usah vasektomi.
Memiliki anak dalam kemiskinan adalah kebodohan.",2025-04-30T14:45:18.000Z,
twitter,Sebenarnya kalau dipikir pikir lagi. KDM ada kebijakaan penerima bansos harus vasektomi dulu tu dia mikir jeleknya nder. Karena gamau yg jeleknya itu kejadian makanya dia buat kebijakan itu terutama ke yg ekonomi under. Dia sayang cuma orang lain nganggep nya itu diskriminasi,2025-04-30T14:28:39.000Z,
twitter,momen banget ya ada gubernur mewajibkan vasektomi untuk penerima bansos terus tiba2 muncul berita ini,2025-04-30T14:07:54.000Z,
twitter,"Ada yg bilang pro ku kasus vasektomi penerima bansos adalah hal jahat. Pikiran ku cuma ada
1. Mereka belum pernah merasakan jadi miskin
2. Mereka Miskin tapi dengan mental mereka miskin yang nyaman akan kemiskinan nya dan nyaman akan hidup hanya bermodal bantuan.",2025-04-30T13:52:43.000Z,
twitter,"Perkara usulan bansos dgn syarat vasektomi ini bikin gue kepikiran klu hal ini bs berpotensi penyelewengan. Let's say kebijakan ini jd, terus ketemu bnyk resisten dr kandidat penerima, sehingga pemerintah bs pny alasan buat g menyalurkan atau bahkan memotong anggaran bansos-",2025-04-30T13:29:49.000Z,
twitter,"Bedanya archetype orang2 di X, Instagram, dan Facebook. Topiknya sama, statement dari Dedi Mulyadi soal kebijakan vasektomi untuk penerima bansos.",2025-04-30T13:15:28.000Z,
twitter,"Setuju. Selama dia mengajukan diri buat keperluan yg mempersyaratkan itu, apapun golongannya, vasektomi dulu. Biar mikir² juga penerima bansos yg sebenernya nggak berhak itu",2025-04-30T13:15:10.000Z,
twitter,"kalau gak mau ya gpp kak. itu kan syarat wajib Penerima bansos. kalo gak mau vasektomi ya gak dapet bansos. simple!!! kan bansos mah gak seberapa, kalau milih utk punya anak banyak berarti kan mampu utk membesarkannya juga doong. gak perlu bansos lah ya. wkwkwkwk",2025-04-30T13:08:55.000Z,
twitter,"2)
oke kita berandai saja jika kebijakan ini berlaku dan yg mau dapat bansos, si bapaknya harus Vasektomi.

jika dikemudian hari ada kasus, ibu & bapak penerima bansos vasektomi ini cerai,
kemudian si ibu nikah lg sama bujangan miskin tdk bertanggung jawab lalu si ibu hamil lg,..",2025-04-30T12:58:53.000Z,
twitter,"First gue bukan penerima bansos apapun
Second gue perempuan
Third : GUE TETEP MAU LAKI GUE VASEKTOMI MESKI GUE DR KAUM BERADA JUGA. 
Terimakasih.
Sisanya, bodo amat. Atur lah masing-masing!!",2025-04-30T12:58:15.000Z,
twitter,"Kan yg di suruh KB penerima bansos yg udah punya 2 anak bang.
Yg blom punya anak 2 ga di vasektomi ttp dapet bansos..jadi bukan mau bikin mereka ga boleh punya anak.",2025-04-30T12:55:08.000Z,
twitter,"perihal yang lagi ramai; vasektomi.

sebenarnya nggak masalah sama vasektominya. seharusnya lebih galak disosialisasikan malah. cuma yang jadi masalah, ketika pemerintah ""mewajibkan"" vasektomi sebagai ""syarat"" penerima bansos, padahal bansos sendiri memang sudah",2025-04-30T12:30:23.000Z,
twitter,"seandainya bayi2 yg akan dilahirkan di dunia ini bisa milih
pastilah mereka tidak akan mau punya ayah yg miskin penerima bansos.
itu yg ga setuju vasektomi, otaknya perlu diperiksa, jgn2 Isinya tai.

ngebahas RUU TNI mingkem..tetiba bahas vasektomi langsung triak FASIS..Pepeklah",2025-04-30T11:32:23.000Z,
twitter,"gw se miskin elu sih sampe nerima jadi buzzer lucu aja sama elu yang bilang ngelanggar hak asasi padahal tinggal nolak bansos terus ga kena vasektomi kenapa anda yang koar-koar ttg hak apakah kamu penerima bansos juga?

pesan gw sih baca berita yang lengkap ya tolol",2025-04-30T11:30:49.000Z,
twitter,Sudut pandang Kang Dedi Mulyadi sebelum beliau mewajibkan vasektomi untuk pria sebagai syarat penerima bansos,2025-04-30T11:15:23.000Z,
twitter,"Pertama. KDM kan bukan muslim? Jd tidak ada urusannya dg fatwa haram atau tidak.

Kedua. Ini memang sangat diskriminatif.
Vasektomi itu untuk lelaki yg sudah mempunyai keturunan. Andaikan belum punya keturunan dan keadaannya memang memenuhi syarat sbgai penerima bansos gimana?",2025-04-30T11:12:16.000Z,
twitter,"Bahasan menarik karena wancananya vasektomi ini untuk penerima hibah beasiswa atau bansos lain...jadi sebenernya ini ga wajib untuk semua laki-laki
*tapi ada poin lain tadi lewat di tl yang nyinggung terkait hak",2025-04-30T11:10:41.000Z,
twitter,"Kak, posisinya ini ini aku beneran nanya. Kan KDM bilang kepala keluarga penerima bansos itu wajib vasektomi dulu kan biar dapet? Lalu untuk orang misskin yg ga berkeluarga gimana? Ibu tunggal yg kekurungan kan banyak. Apa ttp dapet juga? Kan ga dijelasin",2025-04-30T11:04:04.000Z,
twitter,"imo, kemiskinan itu diwariskan & kebijakan kdm masih masuk akal dgn mewajibkan vasektomi utk penerima bansos keluarga pra sejahtera. 

tp perlu tambahan berupa pengetahuan terkait pengelolaan duit, sebagai jalan keluarga ybs lepas dr status prasejahtera & punya anak. ya ga 
@grok
?",2025-04-30T10:56:48.000Z,
twitter,"Menurutku sih resikonya besar banget. Bisa dikembalikan pun setauku belum tentu berhasil.  Vasektomi itu hampir bisa disebut permanen, sementara kebijakan bisa berubah. Besok2 bisa jadi peraturan berubah penerima bansos tak perlu vasektomi. Nanti kasian orng yng udh vasektomi",2025-04-30T10:51:05.000Z,
twitter,"Banyaknya penolakan tuh rata2 dari laki2. Mereka takut kalo gabisa membuahi, padahal syarat vasektomi pun hrus punya anak minimal brp gitu. Mereka mikir apa ya? Mereka memang suka membuahi tanpa kasih nafkah seimbang kah? (ini konteks bagi penerima bansos ya)",2025-04-30T10:48:56.000Z,
twitter,"Justru dengan vasektomi dijadiin syarat bansos, biar warga kurang mampu nih mikir, mrk makan aja susah mau bikin anak lagi. Lagian udh dijelasin kalo syarat vasektomi tuh buat keluarga kurang mampu yg ""sudah memiliki anak"" dan mau jadi penerima bansos.",2025-04-30T10:23:40.000Z,
twitter,Suami aku cwk Alhamdulillah menanggapi berita ini dia pro.... Tapiii dia nya sendiri ngga mau kalo disuruh vasektomi sih soalnya BKN penerima bansos juga untungnya.... Tp suamiku jg ngerti kalo selama ini cewek yg banyak berkorban. Thats why dia ok ok aja kalo ada program ini,2025-04-30T10:17:15.000Z,
twitter,"Sebelum ngatain orang TOLOL tolong search dulu tentang vasektomi, lagipula ini kan ditujukan untuk orang miskin/kurang mampu/penerima bansos yg punya anak 2/lebih. Orang kaya mah bebas dia ga penerima bansos mo bikin anak 20 jg gpp, asal bisa menjamin hidup anak-anaknya.",2025-04-30T10:13:13.000Z,
twitter,"Vasektomi itu bagian dari otoritas tubuh, keputusan itu harus datang dari diri sendiri ga bisa dipaksakan. Kalo syarat penerima bansos harus vasektomi, itu sudah masuk ke ranah pemaksaan. Dan itu ga sejalan dgn amanat UUD. Nyocot mulu ga pake nalar lu dongo",2025-04-30T10:08:18.000Z,
twitter,"Itu kan syarat vasektomi BKKBN, sedangkan dari kemarin saya nyari berita masalah vasektomi versi KDM gak ada nyebut masalah syarat ini.
Yang ada semuanya mencantumkan ""seluruh laki-laki/suami penerima bantuan di JaBar"".
Kalau membabi buta harus semua kan sudah offside KDM.",2025-04-30T09:41:45.000Z,
twitter,"Gua setuju poin dia dukung vasektomi tapi gak dgn menjadikan itu sbg syarat penerima bantuan apalagi beasiswa, masuknya kejauhan",2025-04-30T09:37:09.000Z,
twitter,Dari vasektomi bagi penerima bansos ke perempuan wajib nikah dan punya anak untuk bersekolah? Keknya terlalu kontradiktif.,2025-04-30T09:14:11.000Z,
twitter,"Nope. Vasektomi tuh bagus, kok.

Tapi...Orang miskin punya banyak anak tuh kondisi rumit, butuh penanganan yang sabar dan perjalanan panjang, salah satunya dengan edukasi dan perubahan sistem. 

Disini konteksnya dia mewajibkan untuk penerima bansos... 

Bansos dan beasiswa",2025-04-30T09:12:25.000Z,
twitter,"Padahal beliau bener sih, buat penerima bansos yg anaknya banyak mending diberlakukan vasektomi, ga mungkin juga kan beliau vasektomi yg belum ada anak atau cuman 1",2025-04-30T09:07:28.000Z,
twitter,"program pemerintah selama ini yg ""2 anak cukup"" tu menggencarkan KB, giliran di switch subjek nya knp marah, lagian syarat vasektomi sudah memiliki 2 anak, mau bikin brp anak lg sih? kalo masih termasuk golongan penerima bansos, sadar diri jgn punya anak banyak, imo",2025-04-30T09:04:52.000Z,
twitter,"Kan itu buat yang penerima bansos, kalo nggk mau vasektomi tinggal nggk usah ikutan dapet bansos, dialihkan aja ke yang lebih membutuhkan.",2025-04-30T09:02:49.000Z,
twitter,"jelas ini maksa dengan penyalahgunaan kekuasaan dan memanfaatkan kondisi tidak berdaya. penerima bansos bisa menerima bantuan kalo vasektomi, apa namanya itu kalo bukan memanfaatkan kondisi tidak berdaya?
program kb 2 anak cukup itu contoh yang tidak memaksa",2025-04-30T09:00:56.000Z,
twitter,"Banyak yg ga paham kak 

Mereka ga mikirin kalau si penerima bansos ga mau vasektomi gmn? Apa dibiarin aja sekeluarga mati disaat negara ngasih pekerjaan layak aja ga bisa?",2025-04-30T08:55:07.000Z,
twitter,pada marah-marah krna ada ketentuan kb vasektomi (suami) bagi penerima bansos dan beasiswa. ini syarat bagus banget untuk mutus rantai kemiskinan dan generasi sandwich menurut gue berkelanjutan. hidup mengandalkan bantuan sosial tapi mau punya banyak anak tuh ngotak gk sih?,2025-04-30T08:28:35.000Z,
twitter,"gue kepikiran bahaya pemaksaan vasektomi ini, kalopun berjalan.. para penerima bansos anak berkurang. terus yg lain gimana? bakal muncul keluarga miskin baru yg gaterdampak bansos.

mending dibuat umum dengan tunjangan buat yg mau vasektomi, jadi semua lapisan bisa berkurang",2025-04-30T08:27:59.000Z,
twitter,"Gubernur Jabar suruh vasektomi penerima bansos, kenapa gak dari dulu diujicobakan ke gubernur sebelumnya, biar gak ada kasus....",2025-04-30T08:21:21.000Z,
twitter,Aduh. Orang kena musibah ya harusnya gak dapet syarat apapun karena keadaan mereka darurat. Vasektomi ini bagus buat ngurangin kemiskinan struktural. Syaratnya baru berlaku kalo penerima bansos tidak dalam urgenitas.,2025-04-30T08:11:01.000Z,
twitter,Yeee guoblook kenapa nggak elu benerin data/mekanisme penerima bansos aje kok ngatur nyampe tingkat vasektomi?,2025-04-30T08:09:40.000Z,
twitter,"Dan itu beritanya ga lengkap, vasektomi untuk penerima bansos. Means orang yang ga mampu secara finansial memang semestinya membatasi bikin anak gasi karena gamampu menghidupi anak?",2025-04-30T08:08:36.000Z,
twitter,"Pahami konteks nder, vasektomi itu diwajibkan untuk orang tua penerima bansos/beasiswa. Alasannya? se sederhana kalo lu ga bisa kasih anak lu sekolah/makan, lebih baik jangan punya anak lagi. Menurut gua kebijakan KDM sudah bener kok ",2025-04-30T08:02:52.000Z,
twitter,"gak memaksa. lu boleh menolak untuk vasektomi, tp pemerintah jg berhak untuk menolak kasih bantuan. lu masih bisa memilih untuk cari duit sndiri kok.

jadinya, penerima bantuan cuma buat org-org yg emg susah dan kepepet",2025-04-30T08:01:25.000Z,
twitter,"Dedi Mulyadi Wacanakan Vasektomi bagi Penerima Bansos: Berhenti Bikin Anak Kalau Tak Sanggup Nafkahi
 
https://m.tribunnews.com/regional/2025/04/30/dedi-mulyadi-wacanakan-vasektomi-bagi-penerima-bansos-berhenti-bikin-anak-kalau-tak-sanggup-nafkahi… via 
@tribunnews",2025-04-30T08:00:45.000Z,
twitter,"Gubernur Jabar, Dedi Mulyadi, ajukan kebijakan unik: vasektomi sebagai syarat bantuan sosial. Tujuannya? Kendalikan angka kelahiran & tekan kemiskinan. Penerima vasektomi bahkan bakal dapat insentif Rp500 ribu!
Tapi... kamu tahu apa itu vasektomi? Yuk, kenali fakta & risikonya!",2025-04-30T07:52:06.000Z,
twitter,"Banyak artikelnya di google, syarat penerima vasektomi kamg dedi mulyadi",2025-04-30T07:38:12.000Z,
twitter,"Bukan kah case nya disini adalah yang dapat bansos harus vasektomi kan? 
Nah penerima bansos adalah keluarga yang (maaf) kurang mampu, dengan menerima bansos ini berarti keluarga tersebut dianggap kurang mampu membesarkan anak, salah satu tujuan vasektomi disini adalah cont-",2025-04-30T07:21:15.000Z,
twitter,"Warga Jawa Barat? Penerima Bansos? Siap-siap, Gubernur Dedi Mulyadi akan minta KB pada laki-laki, dan terutama vasektomi, sebagai syarat terima Bansos.

Gimana gimana?",2025-04-30T06:37:17.000Z,
twitter,"@Kub1kOfficial
 @kompascom
 @DediMulyadi71
 Kebijakan vasektomi Dedi Mulyadi bertujuan mengurangi kelahiran tak direncanakan dan kemiskinan, sejalan dengan program KB nasional yang didukung BKKBN. Insentif Rp 500.000 ditawarkan untuk pria penerima bansos, mengurangi beban keluarga.",2025-04-30T06:33:06.000Z,
twitter,"Menganjurkan orang untuk vasektomi bagus membangun kesadaran jgn membebankan hanya keperempuan sudah sampai situ aja titik. Tapi kalo dihubungkan jd syarat penerima bansos, ga masukkkk akal. Itu hak orang miskin di jamin negara lhoh.",2025-04-30T06:33:04.000Z,
twitter,"gua ngerti prinsip lo sih. pinter atau bodoh itu hak. yg diberantas harusnya kebodohannya, bukan hak nya.  gitu kan?

tapi ini kan balik si penerima. kalo gamau vasektomi ya gausah ambil bansos. tinggal perdebatan nya terus apa bentuk hak orang miskin? ya pendidikan harusnya.",2025-04-30T06:27:07.000Z,
twitter,"Dedi Mulyadi usul KB Vasektomi jadi syarat untuk penerima bansos.
Setuju atau engga dengan usul tersebut? Kenapa?

Diskusi yukk",2025-04-30T06:20:58.000Z,
twitter,"Jarang2 nih gua belain pemerintah. Vasektomi itu cuma syarat penerima bansos. 1 keluarga miskin kalo punya anak banyak bakal jadi beban pemerintah tapi kalo di-KB, dana buat keluarga tadi bisa dialokasiin ke keluarga lain yang butuh bantuan juga",2025-04-30T06:14:06.000Z,
twitter,trus opini vasektomi bagi penerima bansos: fasis ,2025-04-30T06:13:50.000Z,
twitter,emg yg dukung vasektomi jadi syarat penerima bansos itu otaknya pada ga jalan,2025-04-30T06:05:22.000Z,
twitter,"Syarat penerima bansos hrs berlaku sama, klo ada syarat vasektomi ya hrs vasektomi semua. Klo mau ada pengecualian bikin bansos khusus. Dan yg terpenting kebijakan hrs by data.",2025-04-30T06:05:13.000Z,
twitter,"Program KB itu buat semua masyarakat. Lha ini dikhususkan buat penerima bansos. Emang orang kaya ga bisa ngebuntingin org miskin? Pegawai BUMN, BUMD, dan PNS jg harusnya wajib vasektomi buat membatasi pengeluaran tunjangan keluarga.",2025-04-30T05:19:29.000Z,
twitter,Setauku Vasektomi keluar biaya lagi emang ngecut angka kelahiran tapi ttp aja biaya awalnya lumayan tinggi gk sig cmiiw blom kalau penerima merupakan miskin turunan jadi hak untuk punyak anaknya dicabut dari awal,2025-04-30T05:17:40.000Z,
twitter,"Langkah Gub 
@DediMulyadi71
 beberapa sangat bagus . Contoh yg paling bagus adalah pembedahan, perubahan dan trnsparasi anggaran...

Cuma juga harus objektif, tidak semua bagus dan tidak masalah seharusnya dikritisi..
Penerima bansos harus vasektomi misalnya... Terlalu jauh ga fair",2025-04-30T05:10:20.000Z,
twitter,"Gw sendiri setuju ga setuju dengan isu ini..
Lingkungan gw bukan penerima bansos.
Cuma kalau buat ngilangin kemiskinan ya vasektomi itu bukan jalan.
Pendidikan lo kebut, karena jujur aja.. Bocah sekolah disini itu banyak yang tolol.",2025-04-30T05:07:14.000Z,
twitter,"Kalau tujuannya supaya bantuan tidak menumpuk di satu keluarga, sy rasa gak perlu mewajibkan vasektomi sebagai pagarnya. Cukup batasi saja penerima bantuan sampai anak ke 2 atau ke 3 misalnya.",2025-04-30T05:04:08.000Z,
twitter,"pas liat berita KDM bikin syarat penerima bansos harus vasektomi. beh komennya para bapak2 kenceng bgt ngeluarin dalil agama. giliran ditanya istri lu kb gak? eh pada mingkem. 
mereka laki2 gak mau kb, giliran perempuan kayak dianggap emang udah takdirnya pakai kb/tubektomi.",2025-04-30T04:49:57.000Z,
twitter,tentang diskursus KDM yang mengharuskan vasektomi untuk penerima bantuan/beasiswa— it is a good move untuk mendukung program KB. i do agree orang orang yang hidupnya masih kekurangan bahkan belum bisa menghidupi dirinya sendiri sebaiknya tidak punya anak—,2025-04-30T04:48:22.000Z,
twitter,"Wacana penerima bansos harus sudah KB, di mana preferably laki-lakinya yang pakai vasektomi, menarik.

Sejauh ini, gue gak setuju sih kalau ga boleh punya anak samsek, karena salah satu hak asasi manusia adalah hak membangun keluarga. UUD pun menjamin hak melanjutkan keturunan.",2025-04-30T04:46:49.000Z,
twitter,"Ada salah satu kerabat penerima bansos. Laki nganggur, bini jualan ulek. Anak 4.
Seandainya dari dulu ada ide vasektomi ini ",2025-04-30T04:30:08.000Z,
twitter,"gua bukan fans kdm bahkan liat cara kerja dia masi abu2, tp liat twt an laki yg pada kepanasan sama kebijakan soal vasektomi utk penerima bansos gua jg ngakak aja segitu takutnya ya apa kabar para perempuan yg KB tablet, suntik, iud, implan. ada lg yg sterilisasi ga koar2 tuh-",2025-04-30T04:22:27.000Z,
twitter,Tebak gender yang paling banyak protes terkait vasektomi buat penerima bansos,2025-04-30T03:49:46.000Z,
twitter,"bagus sih kebijakan vasektomi ini, agar tidak banyak orang yg opininya kayak gini, opini bodoh sesuka dia tanpa tepat konteks.

yg dzalim itu udah dikasih bantuan malah seenaknya beranak pinak tapi ngarepin bantuan pmrth, trus keluarga penerima bansos lain yg hrsnya dpt mlh ngga",2025-04-30T03:40:20.000Z,
twitter,"Pernyataannya soal kesanggupan menafkahi, betul, setuju. Menerapkan vasektomi juga langkah yg baik untuk keluar dari mindset bahwa KB hanya untuk perempuan. Tapi implementasi vasektomi / KB yg hanya menyasar masyarakat penerima bansos ini berpotensi diskriminatif.",2025-04-30T02:44:12.000Z,
twitter,"emang edukasi sex di Indonesia udah cukup ya? sampe2 langsung mau cari cara gampang? yaitu mewajibkan penerima bansos (yang buat org miskin adalah kebutuhan) dengan cara vasektomi? kata gua ini ga nyerang root cause nya, yang ada cuman diskriminasi ke rakyat bawah. ga etis",2025-04-30T02:39:50.000Z,
twitter,"A good idea on paper, tapi penerapannya untuk penerima bansos tuh klasis! Bagaimana lu bujuk orang-orang yang refused ataupun bomat soal pentingnya KB? Memang bener vasektomi tuh syaratnya harus punya anak dulu, but??? Bentuk komparasi ini juga... Lu kira semua orkay Ronaldo?",2025-04-30T02:38:30.000Z,
twitter,"Karena diajukan sebagai syarat penerima bansos. Kalo ga vasektomi, ga nerima bansos. Terdesak kebutuhan ekonomi dan perut mereka yang lapar, mereka tanpa pikir panjang akan melakukan vasektomi. Coba bayangkan kalo peminatnya dari seluruh kelas miskin di Jawa Barat",2025-04-30T02:33:28.000Z,
twitter,emang konteks penerima bansos yang wajib vasektomi ini kata dedi itu harus punya 2 anak dulu? adakah dia bilang kalo belum punya 2 anak gawajib vasektomi?,2025-04-30T02:33:09.000Z,
twitter,"dari sudut pandang khusnudzon gw, ((penerima bansos)) tuh most of them are rakyat menengah ke bawah (and should be them) yg gw rasa masuk kok targetnya buat vasektomi. dan imo, gk ada paksaan. kalo enggak mu vasektomi tinggal gk dapet bansos aja, as simple as that kok.",2025-04-30T02:32:35.000Z,
twitter,Gw dukung vasektomi untuk kaum penerima bansos dan orang tolol kyk lu. Sdm rendah miskin dan tidak bertanggung jawab pantas untuk ga punya keturunan,2025-04-30T02:29:40.000Z,
twitter,Lagian penerima bantuan tuh bisa berubah-ubah anjrit wkwkwk mang beneran kalau udah vasektomi bakal itu-itu aja penerimanya walau ekonominya udah membaik?,2025-04-30T02:23:53.000Z,
twitter,Ya makanya itu hasil asuhan orang kaya belum tentu benar apalagi yg penerima bansos. Pdhal syarat vasektomi pun min udh punya 2 anak loh masa mau bikin selusin,2025-04-30T02:17:58.000Z,
twitter,"kan ga dipaksa, klo gamau bansos yaudah gausah vasektomi. klo mau duitnya ya nurut lah. penerima bansos kan tandanya melarat, masa melarat sok2an mau punya anak banyak? logikanya gitu.",2025-04-30T02:13:50.000Z,
twitter,"Kan kalau enggak mau vasektomi, enggak usah dapet bansos. Kan gampang 
Eh, gini kan susah dimengerti klo penerima sumbangan",2025-04-30T02:11:13.000Z,
twitter,"i only agree with him on ""berhenti bikin anak kalau tak sanggup""

selain itu, mewajibkan vasektomi atau bentuk kb apapun buat penerima bansos itu solusi tolol. kdm itu mau membasmi kemiskinan atau membasmi orang miskin???",2025-04-30T02:05:08.000Z,
twitter,"Anggep nih ada orang udah punya 2 anak dari istri sebelumnya, kondisi ekonomi jg kekurangan sebagai ""penerima bansos""
Terus dia vasektomi
Tbtb jadi duda dgn berbagai alasan
Kira kira benerkah kalau dia nikah lg dan mau ""nambah"" anak lg ?
Mau dikasih makan apa anak anaknya nnt?",2025-04-30T01:59:43.000Z,
twitter,"Kebanyakan cuma butuh ""ngentot"" daripada ""anak""

Kalo penerima bansos dan di vasektomi.
Bisa tuh ngentot sampe lumpuh dan ga harus tanggung jawab ngurus ""anak""

Anak itu tanggung jawab orang tua.
Kalo lu aja ga bisa bertanggung jawab sama diri sendiri sampe harus ngarepin bansos-",2025-04-30T01:48:40.000Z,
twitter,"Kalo sama guru, kepsek, murid bandel, warga miskin penerima bansos tegas, berani, garcep, pecat, berhentikan, kirim ke barak militer, mau dpt bansos vasektomi, tp sama ormas mah melenoy ",2025-04-30T01:32:49.000Z,
twitter,"Gak dipaksa bang, coba baca full beritanya ada terms and condition ko.
Vasektomi diajukan buat syarat penerima bantuan kan tandanya keluarga tsb kurang mampu biar gak beranak trus. Lu cobalah liat fakta di lapangan, udah miskin punya anak lebih dari 3 hadeh",2025-04-30T01:32:22.000Z,
twitter,"Program kb itu bentuk negara mengedukasi. Itu berhasil. Tp skrg kan nggak digencarkan lagi. Malah disini KDM meminta untuk 'wajibkan' penerima bansos untuk vasektomi. Pdhl kemiskinan itu struktural. 
Intinya kb boleh, asal pilihan ybs. Jangan dipaksa, apalagi jd syarat.",2025-04-30T01:31:00.000Z,
twitter,"Dan KDM 
@DediMulyadi71
 diserang abis2an krn mewajibkan vasektomi untuk penerima bansos.
Apa kagak dosa tuh membiarkan anak kelaparan dan tidak disekolahin dgn baik?",2025-04-30T01:26:14.000Z,
twitter,"Mjb kak, penerima bansos kalo operasi vasektomi dibayarin siapa...? BPJS?",2025-04-30T01:24:01.000Z,
twitter,setuju kalo misal penerima bantuan di vasektomi Kao udah punya 2 anak,2025-04-30T01:20:35.000Z,
twitter,Dedi Mulyadi Wacanakan Vasektomi Jadi Syarat Penerima Bansos di Jabar,2025-04-30T01:00:30.000Z,
twitter,Setuju banget gasih? Penerima bansos punya anak max 2 atau sudah menjalani vasektomi ,2025-04-29T23:17:11.000Z,
twitter,"Apa yg elu harapkan dari KDM yg baru menjabat 2 bulan? Aturan dia soal penerima bansos syaratnya hrs vasektomi, kan sifatnya jangka pendek. Yg keliatan depan mata duluu yg diberesin kan?

Ngurusin lapangan pekerjaan gabisa instan, minimal 6-12 bulan baru bisa elu tagih janjinya",2025-04-29T23:03:32.000Z,
twitter,"Udah. Gaada satupun kata itu di dalam artikelnya.
Lagipula, apakah iya persyaratan vasektomi itu selaras dengan UUD? Yang bahkan target penerima bansos pun biasanya kelompok masyarakat yang dijamin negara.",2025-04-29T22:45:24.000Z,
twitter,"Saya kira kebijakan Dedi Mulyadi yang mewajibkan vasektomi untuk penerima bansos sangat kontroversial. Secara etika, ini bermasalah karena bisa melanggar hak reproduksi dan otonomi tubuh, apalagi Indonesia menganut prinsip KB yang sukarela berdasarkan FP2030.

Selain itu, ada",2025-04-29T22:35:05.000Z,
twitter,"Aku juga bukan fans nya dedi, tapi mau meluruskan juga. Yang di vasektomi itu ayah nya, bukan anaknya / penerima beasiswanya",2025-04-29T22:14:47.000Z,
twitter,"Kalaupun ini buat penerima bansos pun aku ttp kontra. Kemiskinan struktural ga cuma bisa dikurangi dengan ga nambah anak, walau aku stuju bahwa orang miskin lebih baik nahan diri punya anak, tapi kalau ada pemaksaan untuk wajib vasektomi aku kontra, krn harusnya ini datang  dari-",2025-04-29T22:07:18.000Z,
twitter,"Gini nih kalo liat berita/konten lgsung di session 5, jd ditelan bulat bulat...
Vasektomi nantinya ditujukan buat masyarakat yg sudah mempunyai anak lebih dari sekian, bukan anak sekolah penerima beasiswa haris divasektomi, otak dipake dikit lah...",2025-04-29T21:21:21.000Z,
twitter,"Kalau mau menerapkan sesuatu itu ya harus pada semua warga,bukan pada golongan tertentu spt penerima bantuan.Gua termasuk setuju vasektomi,tapi jangan disasar cuma buat penerima bansos doang,fasis itu namanya.",2025-04-29T19:31:32.000Z,
twitter,"Maksud KDM itu buat batasin penerima bansos per keluarga. Okay misal gak perlu vasektomi juga oke. tapi berarti dibatesin jumlah bansos dan beasiswa perhousehold cuma 1-2 anak aja yg dikasih, anak lain tanggungan pribadi.",2025-04-29T19:04:54.000Z,
twitter,"Sama gue juga ada pertanyaan emng yang ngurusin vasektomi penerima bansos dan yg mau beasiswa?. 
Meskipun kita tidak berperan kuta punya hak untuk mengawasi kebijakan ga sih? Dripada engga kritis gmn dong? ",2025-04-29T18:44:50.000Z,
twitter,Dia juga bersikap diskriminasi thdp kaum ekonomi lemah dengan mensyaratkan vasektomi kepada penerima bansos. Kurang ajar dan biadab sekali si DM ini #kelakuanDediMulyadi,2025-04-29T18:32:37.000Z,
twitter,"Vasektomi ya mungkin emang salah satu solusi, tapi dengan dibawanya ""bansos/beasiswa"" kedalamnya itu yang bikin buruk. Beasiswa bisa jadi salah satu solusi buat naikin standar seseorang, dari pendidikan dan pendapatannya nanti. Kalo misal vasektomi dijadiin syarat penerima-",2025-04-29T18:29:54.000Z,
twitter,"Agak aneh sih ini , ini untuk penerima bansos yang notabene nya miskin kan? Dan syarat dapet bansos itu harus vasektomi, tau ga sih biaya vasektomi tuh mahal , kecuali pihak pemda mau bayarin biaya operasi nya pake APBD lagi ga nih? Dan ini bener² g akan bisa beranak lagi",2025-04-29T18:14:38.000Z,
twitter,"Yapp. Kalau jadi syarat bagi penerima bansos, tujuan vasektomi jadi lain lagi: untuk dapat bansos. Padahal vasektomi ya sebagai pengendali kelahiran.",2025-04-29T17:24:28.000Z,
twitter,"Syarat vasektomi minimal punya anak dua ya kalo penerima masih lajang atau belum punya anak ya engga harus,kalo petugas nya bilang harus ttp vasektomi berarti goblok, nyalahi aturan.",2025-04-29T16:45:24.000Z,
twitter,"Syarat penerima bansos = miskin & vasektomi
Kriteria miskin menurut kemensos = mengeluarkan uang lebih dr 20rb sehari utk kebutuhan. 
Kenyataan = Sehari keluar >20rb, yang artinya tdk miskin dan tdk layak dpt bansos = program vasektomi gagal.",2025-04-29T15:33:35.000Z,
twitter,"Bro, itu maksudnya apa terkait vasektomi dengan penerima beasiswa? 

Logis dikit lah.. Emangnya beasiswa pada umumnya diperuntukan untuk aki² yg dah gak bisa ngaceng gitu? 
Bro, jadi mereka generasi muda harus vasektomi dulu gitu untuk dapet beasiswa?",2025-04-29T15:33:26.000Z,
twitter,"Dedi Mulyadi Bakal Wajibkan Vasektomi Bagi Penerima Bansos, Ferizandra: Mulai Kelewatan",2025-04-29T15:21:44.000Z,
twitter,"Pak, jangan mentang2 anda udah vasektomi, anda membenarkan vasektomi menjadi syarat untuk penerima bansos apalagi beasiswa!!",2025-04-29T15:14:04.000Z,
twitter,"faktanya yang nggamau punya anak justru kalangan menengah ke atas, jadi buat para penerima bansos, mau vasektomi atau engga itu birth rate ttp bakalan turun",2025-04-29T15:09:19.000Z,
twitter,Gubernur Jawa Barat Dedi Mulyadi menyampaikan rencana kebijakan agar vasektomi atau KB pria menjadi syarat untuk menjadi penerima bantuan sosial masyarakat prasejahtera di wilayahnya . hdeh bego lah,2025-04-29T14:53:47.000Z,
twitter,"Selama ini B aja sih sm ide idenya KDM, cenderung nolak (terutama yg PNS masuk jam 6.30 di bulan puasa wkwkw )
Tapi pas denger syarat penerima bansos harus vasektomi, GUE SETUJU BAT ANJIERRRRRRLAHHHH SETUJU PAKKKKK",2025-04-29T14:39:37.000Z,
twitter,"Dedi Mulyadi, menyarankan supaya penerima bansos harus divasektomi.
Saya tidak akan bahas pro kontra soal ini ya, cuma saya tergelitik dengan banyaknya komentar pada berita tersebut yang masih salah paham soal vasektomi.
Saya akan bahas karena saya sudah menjalani vasektomi",2025-04-29T14:35:46.000Z,
twitter,kayaknya maksud si sender bukan vasektomi yg jahat kak tp kewajiban vasektomi buat penerima kb itu terkesan jahat,2025-04-29T14:25:21.000Z,
twitter,"Vasektomi ga bisa dipaksa lah, mending penerima bansos yg msh beranak lg otomatis distop bansosnya",2025-04-29T14:24:13.000Z,
twitter,"Aku setuju aja ASALKAN PEMERINTAH ATAU DEDI MULYADI YANG BAYARIN atau memberi bantuan operasi vasektomi.  Soalnya nyuruh doang mah semua bisa, tapi kan namanya penerima bansos, makan aja susah, tolong bayarin juga dong ",2025-04-29T14:20:54.000Z,
twitter,"Apaan sih lu, dari dulu jg program pemerintah itu KB! 2 anak doang.
Emg org org miskin aja pada kaga mau KB, nah skrg sama KDM dipertegas penerima bansos harus vasektomi dulu! Biar ga beranak mulu",2025-04-29T14:09:47.000Z,
twitter,"Lah? Aturan ini kan buat yang nerima bansos, yang nerima bansos kan orang miskin? Gimana si? Kalo bukan penerima bansos ya gak disuruh vasektomi",2025-04-29T13:58:28.000Z,
twitter,"Vasektomi utk penerima bansos masih bisa masuk di akal gw..

Tp penerima beasiswa? Really? Masa mau sekolah kudu mandul dlu ",2025-04-29T13:10:19.000Z,
twitter,"ini kn disini dy bahas vasektomi sbgai slah stu syarat penerima bansos y, dn tbh gw rada se7 (tp blm spnuhny se7), soalny mantan suami spupu gw dh puny anak 2 > dgn beda2 cwe, pdhl ekonomi dy jelek dn tu cwo msh 19/20 tahun",2025-04-29T13:10:09.000Z,
twitter,cuitan salah satu penerima bansos yg ga setuju buat vasektomi wkwkwkwk,2025-04-29T13:07:56.000Z,
twitter,"Untuk penerima bansos wajib kb vasektomi, sebenernya diindonesia terutama rakyat (maaf) miskin rata-rata salah mengartikan ""banyak anak banyak rezeki"". Logika mereka dengan menambah anak, rezeki (harta) mereka juga bertambah. Padahal sebetulnya ""anak"" tersebut lah rezekinya...",2025-04-29T13:00:43.000Z,
twitter,Dedi Mulyadi Wajibkan KB Vasektomi Untuk Penerima Bansos: Berhenti Bikin Anak Kalau Tak Sanggup!,2025-04-29T13:00:02.000Z,
twitter,Pingin ikut komentar soal wacana aturan penerima bansos wajib vasektomi tapi masih mager. Nanti aja deh (tim mendukung pengkajian ulang dan jangan dulu diterapkan),2025-04-29T12:59:18.000Z,
twitter,"Sama wajib vasektomi buat penerima bansos, ga mampu ko rajin bikin anak ",2025-04-29T12:58:28.000Z,
twitter,"Saya memahami kekhawatiran tentang kebijakan Dedi Mulyadi yang mewajibkan vasektomi untuk penerima bansos. Kebijakan ini bertujuan mengontrol jumlah keluarga dan meningkatkan kesejahteraan, namun menimbulkan masalah etis serius, seperti pelanggaran hak reproduksi dan potensi",2025-04-29T12:49:12.000Z,
twitter,"bener, emng aturan langsung suntik mati aja. syarat penerima bansos->vasektomi, syarat vasektomi->minimal ada 2 anak. memahami gini aja ga mampu. https://x.com/golekkeringet//golekkeringet/status/1917157690540961848…",2025-04-29T12:46:54.000Z,
twitter,"Yang marah mungkin emang miskin (atau penerima bansos???) Kalo emang ngrasa hak tubuhnya ternodai perkara aturan vasektomi, ya segera mengundurkan diri dari penerima bansos, kan berarti ngrasa kaya, mampu membiayai anak bejibun  Ga perlu mencak-mencak ye kan",2025-04-29T12:46:47.000Z,
twitter,"Masalahnya itu vasektomi ngga benar2 reversible. Setelah naik taraf ekonomi dan ingin punya anak lagi, apa yang harus dilakukan penerima? Apa ada tanggungan risiko apabila proses reversal gagal? Programnya harus cover kasus pasca eksekusinya juga.",2025-04-29T12:43:21.000Z,
twitter,"Bener, infonya valid. Dedi Mulyadi, Gubernur Jawa Barat, usulkan kebijakan wajib vasektomi untuk penerima bansos dan beasiswa, diumumkan 28 April 2025 (http://Kompas.com). Tujuannya kendalikan angka kelahiran di Jabar, yang punya TFR 2,49, dan pastikan bansos adil. Tapi,",2025-04-29T12:37:32.000Z,
twitter,"Mewajibkan vasektomi bagi penerima bansos bukan hanya reduktif, tapi berbahaya—seolah kemiskinan adalah kesalahan biologis, bukan kegagalan struktural. Ketimbang mengedukasi, pemerintah memilih memaksa, menjadikan tubuh warga miskin objek intervensi negara yang sewenang-wenang.",2025-04-29T12:16:20.000Z,
twitter,Dedi Mulyadi Wajibkan KB Vasektomi untuk Penerima Bansos: Berhenti Bikin Anak Kalau Tak Sanggup!,2025-04-29T08:21:12.000Z,
twitter,Vasektomi jadi syarat penerima beasiswa itu berarti meminimalisir bibit bibit unggul penerus bangsa ya?,2025-04-29T07:29:08.000Z,
twitter,"Si pembagi yang ngaco, si penerima yang dihukum. 

Kok bisa yang dapat kelompok atau keluarga yang sama (artinya Negara salah dalam pendataan). Bukannya dibenerin, si penerima yang dihukum. 

Mulailah dari diri sendiri Pak Gubernur, ""Saya sudah Vasektomi""",2025-04-29T06:43:47.000Z,
twitter,"Kebijakan demul mewajibkan vasektomi bagi penerima bansos itu hanya berlaku bagi masyarakat jabar diluar Grib jaya.
Maka, berbondong bondonglah kalian wahai kaum anti vasektomi masuk grib atau lawan dengan dekon reasoning demul.",2025-04-29T06:37:04.000Z,
twitter,"Gubernur Jawa Barat Dedi Mulyadi mengusulkan vasektomi bagi suami sebagai syarat penerima bansos untuk mendukung program Keluarga Berencana.

Ini sejarah program Keluarga Berencana di Indonesia. #artikelhistoriaid",2025-04-29T06:18:56.000Z,
twitter,"kalo targetnya kaum penerima bansos berarti ya orang miskin, gapapa sih aku setuju klo orang miskin pada vasektomi ",2025-04-29T06:15:19.000Z,
twitter,"Konteks nya kan KDM ngasih syarat buat vasektomi kepada penerima bantuan. Soalnya ada beberapa kasus anaknya sampe 8 dan ga ada satupun yang sekolah, malah suruh pada ngamen. Dan bapaknya diminta untuk vasektomi malah alesannya mau istikharah dulu.",2025-04-29T05:37:24.000Z,
twitter,Gubernur Jabar Dedi Mulyadi mengusulkan penerima bantuan sosial dengan syarat dilakukan vasektomi bagi sang suami. Hal itu dilakukan agar laki-laki dari kalangan keluarga miskin berpartisipasi aktif dalam program Keluarga Berencana (KB)  #dedimulyadi #kdm #bansos #jawabarat,2025-04-29T03:38:14.000Z,
twitter,"Gubernur Jawa Barat, Dedi Mulyadi, mengusulkan agar penerima bantuan sosial (bansos) diwajibkan melakukan vasektomi bagi sang suami. Usulan ini bertujuan mendorong partisipasi aktif laki-laki dalam program Keluarga Berencana (KB),

#DediMulyadi #VasektomiBansos #ProgramKB",2025-04-29T02:25:12.000Z,
twitter,"Tunggu, gimana caranya penerima beasiswa harus vasektomi? Ini beasiswa S2 kah? Kalau S1 gak mungkin disuruh vasektomi kan???",2025-04-29T02:17:56.000Z,
twitter,"Penerima bansos itu orang yang butuh bantuan negara kan ya. Kalau syaratnya dia mesti vasektomi untuk dapet bantuannya, itu ga selaras dengan UUD ga sih yang setiap orang berhak melanjutkan keturunan",2025-04-29T02:03:07.000Z,
twitter,"Derma organ tidak darurat dalam keadaan umum. Tapi penerima organ adalah darurat.  Melainkan ada opsyen lain, maka darurat penerimaan organ diterima. Sama seperti vasektomi. Vasektomi tidak darurat dalam keadaan umum. Bahkan haram.  Tapi ada opsyen lain, seperti tidak pancut.",2025-01-03T16:21:14.000Z,
twitter,"#wm Kesan vasektomi hampir kekal, berkemungkinan tinggi penerima rawatan tak dapat mempunyai zuriat

https://hmetro.com.my/WM/2022/06/852306/rancang-keluarga-kaedah-vasektomi…",2022-06-16T15:15:03.000Z,
twitter,"Balik lagi syarat umur memenuhi tidak? Konsesus tindakan medis tidak hanya dari penerima saja tapi penyedia layanan, ini op yg kalo mau disambung lagi susah, tindakan medis juga perlu tanggungjawab moral, klo mau vasektomi gratis kok di layanan kb safari tpi liat syaratnya",2021-09-22T07:15:19.000Z,
twitter,"Gpp bagi yg mampu(gak akan jd beban pemerintah). 
Bagi keluarga pas2an atau penerima KJP/KJS, suami hrs vasektomi setelah anak ke-2 lahir. Kalo menolak, fasilitas KJP/KJS cabut. 
Intinya pemerintah hrs ada niat yg tegas. Aturan mah ada aja caranya.",2019-11-23T00:42:33.000Z,
